Section,Term,Front (Question),Back (Answer),Formula (LaTeX),Example,Common Mistake,Source,Primary Reading,Secondary Readings,Tags,Note GUID,Note GUID
TOP-200,Metoprolol,"Lopressor vs Toprol XL — generic name, class, use, and the substitution trap?","Metoprolol, a cardioselective beta-blocker (-olol), for hypertension, angina, heart failure, and rate control. Lopressor = metoprolol tartrate (immediate release, usually twice daily); Toprol XL = metoprolol succinate (extended release, once daily). Do not stop abruptly.",,"An Rx reads 'metoprolol succinate ER 50 mg daily': dispense ER succinate, never tartrate tablets.","Treating tartrate and succinate as interchangeable, or crushing Toprol XL.",authored_ptcb_exam_prep_v2,Medications,TOP-200,ptcb pharmacy top-200 ptce_medications source_authored,x!j_i].(4h,x!j_i].(4h
PATIENT-SAFETY,Suffix confusion,"Why do drug name suffixes such as XL, SR, ER, and DR cause errors?",Suffixes change release rate and dosing frequency: Wellbutrin SR (twice daily) vs XL (once daily); Depakote DR vs Depakote ER; Tegretol vs Tegretol XR. Omitting or swapping a suffix can double or halve the effective dose. ISMP warns about inconsistent suffix meanings.,,Rx 'Wellbutrin XL 300 mg daily' filled with SR 150 mg tablets would be wrong form and frequency.,Treating any extended-release suffix as interchangeable.,authored_ptcb_exam_prep_v2,Patient Safety and Quality Assurance,PATIENT-SAFETY,ptcb pharmacy patient-safety ptce_patient_safety source_authored,,
FEDERAL-LAW,CMEA limits,What are the federal pseudoephedrine sales limits under the Combat Methamphetamine Epidemic Act?,"Per purchaser: no more than 3.6 g of base pseudoephedrine (or ephedrine, phenylpropanolamine) per day, and 9 g per 30 days at retail (7.5 g by mail order). Products are behind the counter or locked; the buyer shows photo ID.",,Sudafed 120 mg × 20 tablets = 2.4 g PSE HCl; check the base amount against the daily limit.,Applying the limit per transaction instead of per purchaser per day.,authored_ptcb_exam_prep_v2,Federal Requirements,FEDERAL-LAW,ptcb pharmacy federal-law ptce_federal source_authored,noA?X1|5%?,noA?X1|5%?
FEDERAL-LAW,FDA vs DEA vs state board,"Which agency regulates what: FDA, DEA, and the state board of pharmacy?","FDA: drug approval, labeling, recalls, MedWatch, DSCSA, and manufacturing. DEA (Department of Justice): controlled substances, registrations, Forms 222/106/41. State boards: licensing and registration of pharmacists, technicians, and pharmacies, practice rules, and technician ratios. When laws differ, follow the stricter one.",,A state requiring C-II prescriptions to be filled within 90 days overrides the absent federal limit.,Assuming federal law always controls when a state rule is stricter.,authored_ptcb_exam_prep_v2,Federal Requirements,FEDERAL-LAW,ptcb pharmacy federal-law ptce_federal source_authored,q3m`(Giu5$,q3m`(Giu5$
TOP-200,Tramadol,"Ultram — generic name, schedule, use, and two serious risks?","Tramadol, a centrally acting opioid analgesic for moderate pain, federally Schedule IV. Lowers the seizure threshold and can cause serotonin syndrome with SSRIs, SNRIs, and MAOIs. Respiratory depression risk with benzodiazepines; avoid in children under 12.",,Tramadol 50 mg added to a sertraline profile: the serotonin syndrome alert needs pharmacist review.,"Mixing up traMADol and traZODone (tall man pair), or treating tramadol as non-controlled.",authored_ptcb_exam_prep_v2,Medications,TOP-200,ptcb pharmacy top-200 ptce_medications source_authored,"l7)-,Zp&rz","l7)-,Zp&rz"
MEDICATIONS,Phenytoin,Dilantin — what makes phenytoin tricky to dispense?,"Phenytoin, an anticonvulsant with a narrow therapeutic index and nonlinear kinetics: a small dose increase can cause a large level jump. Toxicity: nystagmus, unsteady gait, slurred speech. Side effects include gum overgrowth; it interacts with many drugs. Extended-release capsules and chewable tablets are not interchangeable.",,Dilantin 100 mg extended-release capsules vs Dilantin Infatabs 50 mg chewables: verify the form.,Substituting phenytoin chewables for capsules mg-for-mg.,authored_ptcb_exam_prep_v2,Medications,MEDICATIONS,ptcb pharmacy medications ptce_medications source_authored,,
PATIENT-SAFETY,E-prescribing errors,"Which errors does e-prescribing reduce, and which new errors does it create?","It eliminates illegible handwriting and some transcription errors, and screens interactions. It introduces pick-list errors (wrong drug or strength chosen from a dropdown), conflicting free-text notes, and wrong-patient selection. Technicians compare the sig, strength, and notes field before processing.",,An e-Rx for 'methotrexate 2.5 mg daily' with a note 'weekly for RA' is clarified with the prescriber.,Assuming an electronic prescription is automatically correct.,authored_ptcb_exam_prep_v2,Patient Safety and Quality Assurance,PATIENT-SAFETY,ptcb pharmacy patient-safety ptce_patient_safety source_authored,,
MEDICATIONS,Do not crush,Which dosage-form abbreviations signal 'do not crush or chew'?,"Extended-release (ER, XR, XL, SR, CR, LA, CD, 24-hour) and delayed-release or enteric-coated (DR, EC) products. Crushing can dump a whole day's dose at once (opioids, nifedipine) or destroy coating that protects the stomach or the drug. Some scored ER tablets may be split if labeling allows.",,Nifedipine ER 60 mg for a patient with a feeding tube: pharmacist must find an alternative.,"Crushing OxyContin, Toprol XL, or Wellbutrin XL to help a patient swallow.",authored_ptcb_exam_prep_v2,Medications,MEDICATIONS,ptcb pharmacy medications ptce_medications source_authored,rW5/2gux|c,rW5/2gux|c
PATIENT-SAFETY,Pediatric dosing,"Why are pediatric prescriptions higher-risk, and what checks are needed?","Doses are weight-based (mg/kg) and often in liquid form with several concentrations, so decimal, unit, and concentration errors cause tenfold mistakes. Confirm the child's current weight in kg, the concentration on the bottle, and the dose in mL with an oral syringe.",,"Amoxicillin 90 mg/kg/day for a 15 kg child = 1,350 mg/day, divided twice daily = 675 mg per dose.",Using an adult dose or the wrong concentration of a pediatric suspension.,authored_ptcb_exam_prep_v2,Patient Safety and Quality Assurance,PATIENT-SAFETY,ptcb pharmacy patient-safety ptce_patient_safety source_authored,uNmm3#wW;L,uNmm3#wW;L
FEDERAL-LAW,Controlled records,"How long must controlled-substance records be kept, and how are they filed?","Federal law: at least 2 years (many states require longer). C-II records and prescriptions are kept separate from all others; C-III–V records are kept separately or must be 'readily retrievable' (e.g., marked with a red C). Includes invoices, 222s, inventories, and dispensing records.",,A DEA inspector asks for last year's C-II invoices: they must be retrievable from a separate file.,Mixing C-II prescriptions into the general prescription file.,authored_ptcb_exam_prep_v2,Federal Requirements,FEDERAL-LAW,ptcb pharmacy federal-law ptce_federal source_authored,s}|7%Mgm?_,s}|7%Mgm?_
MEDICATIONS,Sublingual nitroglycerin,How is sublingual nitroglycerin used and stored?,"One tablet under the tongue at chest pain onset; may repeat every 5 minutes, maximum 3 tablets in 15 minutes — call 911 if pain is not improved 5 minutes after the first dose. Keep in the original glass bottle, tightly capped, away from heat and moisture; it is exempt from child-resistant caps.",,"Nitrostat 0.4 mg #25: dispense in the manufacturer's glass bottle, not a plastic vial.",Repackaging nitroglycerin tablets into a standard amber plastic vial.,authored_ptcb_exam_prep_v2,Medications,MEDICATIONS,ptcb pharmacy medications ptce_medications source_authored,,
PATIENT-SAFETY,Medication error types,What are the main types of dispensing errors?,"Wrong patient, wrong drug, wrong strength, wrong dosage form, wrong quantity, wrong directions or label, omission, and wrong timing (refill too early or late). Most dispensing errors trace back to order entry, product selection, or patient identification at pickup.",,Labeling metoprolol tartrate 25 mg 'take daily' when the Rx says twice daily is a wrong-directions error.,Thinking only wrong-drug errors count as medication errors.,authored_ptcb_exam_prep_v2,Patient Safety and Quality Assurance,PATIENT-SAFETY,ptcb pharmacy patient-safety ptce_patient_safety source_authored,,
MEDICATIONS,Lithium,"Lithium — use, monitoring, and patient counseling?","Lithium carbonate, a mood stabilizer for bipolar disorder with a narrow therapeutic index; blood levels are monitored. Keep fluid and salt intake steady; dehydration, vomiting, NSAIDs, thiazides, and ACE inhibitors raise levels. Watch for coarse tremor, diarrhea, confusion.",,Lithium carbonate ER 300 mg twice daily: counsel on hydration during hot weather.,Telling a lithium patient to start a low-salt diet without involving the prescriber.,authored_ptcb_exam_prep_v2,Medications,MEDICATIONS,ptcb pharmacy medications ptce_medications source_authored,,
FEDERAL-LAW,Schedule V,"Which drugs are Schedule V, and how can some be sold without a prescription?","Lowest abuse potential: pregabalin (Lyrica), lacosamide, diphenoxylate/atropine (Lomotil), and cough preparations with ≤200 mg codeine per 100 mL. Where state law allows, a pharmacist may sell some C-V products OTC to buyers 18+ with ID and a logbook entry, within federal quantity limits.",,Lyrica 75 mg Rx: refills as authorized by the prescriber (no federal 6-month cap).,Assuming gabapentin is federally Schedule V; it is pregabalin that is C-V.,authored_ptcb_exam_prep_v2,Federal Requirements,FEDERAL-LAW,ptcb pharmacy federal-law ptce_federal source_authored,cbYuGXE=`K,cbYuGXE=`K
TOP-200,Oxycodone,"Roxicodone vs OxyContin — generic name, schedule, and the release-form trap?","Oxycodone, a Schedule II opioid analgesic. Roxicodone and generic tablets are immediate release (every 4–6 hours); OxyContin is extended release (every 12 hours, swallowed whole, never crushed). Percocet adds acetaminophen. Counsel on constipation and sedation.",,OxyContin 10 mg every 12 hours: auxiliary label 'swallow whole; do not crush or chew'.,"Substituting IR oxycodone for OxyContin ER, or crushing ER tablets (overdose risk).",authored_ptcb_exam_prep_v2,Medications,TOP-200,ptcb pharmacy top-200 ptce_medications source_authored,DATioIoG@f,DATioIoG@f
PATIENT-SAFETY,hydrALAZINE vs hydrOXYzine,"hydrALAZINE vs hydrOXYzine — what does each treat, and how is the mix-up prevented?","HydrALAZINE is a vasodilator for high blood pressure; hydrOXYzine is an antihistamine for anxiety and itching. Both come in 10, 25, and 50 mg tablets, so a mix-up can cause low blood pressure or uncontrolled hypertension. Use tall man lettering, separate shelving, and scan every fill.",,Rx 'hydroxyzine 25 mg TID PRN itching': confirm the indication matches hydrOXYzine.,Choosing by strength alone because both products share the same strengths.,authored_ptcb_exam_prep_v2,Patient Safety and Quality Assurance,PATIENT-SAFETY,ptcb pharmacy patient-safety ptce_patient_safety source_authored,mHZDVTrkaf,mHZDVTrkaf
FEDERAL-LAW,OBRA '90,What did the Omnibus Budget Reconciliation Act of 1990 (OBRA '90) require?,"For Medicaid patients: prospective drug utilization review (DUR) before dispensing, reasonable efforts to keep patient profiles, and an offer to counsel by the pharmacist. States extended these requirements to most patients. Technicians may make the offer in some states; only pharmacists counsel.",,"A technician asks, 'Would you like to speak with the pharmacist about this new medication?'",A technician answering clinical questions about side effects instead of referring.,authored_ptcb_exam_prep_v2,Federal Requirements,FEDERAL-LAW,ptcb pharmacy federal-law ptce_federal source_authored,t/|TlrOA8L,t/|TlrOA8L
MEDICATIONS,Combination strengths,What does a combination strength such as 5/325 or 10/40 on a prescription mean?,"Each number is the amount of one ingredient per dosage unit, in the order of the product name. Norco 5/325 = hydrocodone 5 mg + acetaminophen 325 mg; Percocet 10/325 = oxycodone 10 mg + APAP 325 mg; Bactrim DS 800/160 = sulfamethoxazole 800 mg + trimethoprim 160 mg.",,Rx for Norco 10/325: two tablets contain 650 mg acetaminophen toward the daily limit.,Selecting 7.5/325 for a 5/325 order because the acetaminophen part matches.,authored_ptcb_exam_prep_v2,Medications,MEDICATIONS,ptcb pharmacy medications ptce_medications source_authored,,
ORDER-ENTRY,Non-controlled transfers,How is a non-controlled prescription transferred between pharmacies?,"The receiving and transferring pharmacies exchange the prescription details, prescriber, original date, number of refills remaining, last fill date, and both pharmacy names; the original is marked void or inactive at the transferring store. State law sets who may transfer (often pharmacists only) and limits.",,A patient moving to another city has her lisinopril transferred with 4 refills remaining.,Transferring the original number of refills instead of the remaining refills.,authored_ptcb_exam_prep_v2,Order Entry and Processing,ORDER-ENTRY,ptcb pharmacy order-entry ptce_order_entry source_authored,hssWni1e0f,hssWni1e0f
INVENTORY,Perpetual inventory and cycle counts,What are perpetual inventory and cycle counts?,"Perpetual inventory keeps a running balance updated with each receipt and dispense, commonly used for C-II drugs and automated cabinets. Cycle counts physically count a small set of items regularly to reconcile system and shelf quantities and find discrepancies early.",,The C-II perpetual log for oxycodone 5 mg shows 212; the shelf count is 212 — reconciled.,Waiting for the biennial inventory to discover C-II discrepancies.,authored_ptcb_exam_prep_v2,Order Entry and Processing,INVENTORY,ptcb pharmacy inventory ptce_order_entry source_authored,c8j*MpgK*D,c8j*MpgK*D
PATIENT-SAFETY,Infant acetaminophen,"What changed with liquid acetaminophen for infants, and why does it matter?","Since 2011, US OTC liquid acetaminophen for infants and children is standardized at 160 mg/5 mL; the old concentrated infant drops (80 mg/0.8 mL) were phased out because parents confused concentrations. Always read the concentration on the specific product.",,A parent asks for 'infant drops': the current infant product is 160 mg/5 mL with an oral syringe.,Using an old dosing chart written for the concentrated drops.,authored_ptcb_exam_prep_v2,Patient Safety and Quality Assurance,PATIENT-SAFETY,ptcb pharmacy patient-safety ptce_patient_safety source_authored,,
PATIENT-SAFETY,clonazePAM vs cloNIDine,"clonazePAM, cloNIDine, and KlonoPIN — why are they confused, and what does each treat?","ClonazePAM (KlonoPIN) is a C-IV benzodiazepine for seizures and panic disorder; cloNIDine is an alpha-2 agonist for hypertension and ADHD. Both come as small white tablets in low strengths (clonazepam 0.5 mg, clonidine 0.1 mg), and mix-ups cause sedation or rebound hypertension.",,A pediatric Rx for 'clonidine 0.1 mg at bedtime for ADHD' must not be filled with clonazepam.,Ignoring that one is controlled and the other is not.,authored_ptcb_exam_prep_v2,Patient Safety and Quality Assurance,PATIENT-SAFETY,ptcb pharmacy patient-safety ptce_patient_safety source_authored,,
ORDER-ENTRY,Valid prescription elements,What must a non-controlled prescription contain before it can be processed?,"Patient name (and usually date of birth or address); date written; drug name, strength, and dosage form; quantity; directions (sig); refills; prescriber name and contact details; and prescriber signature (or a valid e-signature). Missing items are clarified before filling.",,An e-Rx for lisinopril with no strength is held until the prescriber's office confirms 10 mg.,Guessing the most common strength when it is missing.,authored_ptcb_exam_prep_v2,Order Entry and Processing,ORDER-ENTRY,ptcb pharmacy order-entry ptce_order_entry source_authored,vsdQo9h7yC,vsdQo9h7yC
MEDICATIONS,Look-alike packaging,Why do look-alike packages from the same manufacturer cause errors?,"Manufacturers often use the same bottle design and color for different strengths or even different drugs. Selecting by package appearance instead of reading the drug name, strength, and NDC leads to wrong-strength errors. Separate storage, shelf alerts, and barcode scanning reduce the risk.",,Two identical white bottles: metoprolol 25 mg and 50 mg from the same generic maker.,Pulling stock by bottle color and shelf position alone.,authored_ptcb_exam_prep_v2,Medications,MEDICATIONS,ptcb pharmacy medications ptce_medications source_authored,,
PATIENT-SAFETY,Concentrated oral morphine,Why is concentrated oral morphine solution a classic dosing-error drug?,"Morphine oral solution comes as 10 mg/5 mL and 100 mg/5 mL (20 mg/mL). Confusing mg with mL or picking the wrong concentration has caused fatal tenfold to twentyfold overdoses. Orders should state dose in mg and volume, and the concentrated form is reserved for opioid-tolerant patients.",,Order: morphine 10 mg (0.5 mL of 20 mg/mL) — verify both mg and mL before labeling.,Reading '10 mg' as '10 mL' of the concentrated solution.,authored_ptcb_exam_prep_v2,Patient Safety and Quality Assurance,PATIENT-SAFETY,ptcb pharmacy patient-safety ptce_patient_safety source_authored,,
FEDERAL-LAW,DEA Form 106,What must a pharmacy do after discovering theft or significant loss of controlled substances?,"Notify the DEA Field Division in writing within 1 business day of discovery, then submit DEA Form 106 (online) with details. Notify local law enforcement and the state board as required. Losses in transit are reported by the supplier.",,A count shows 120 missing hydrocodone tablets on Friday: DEA notice by Monday's close of business.,Waiting until the end of an internal investigation to tell DEA.,authored_ptcb_exam_prep_v2,Federal Requirements,FEDERAL-LAW,ptcb pharmacy federal-law ptce_federal source_authored,tyz{bT/YhK,tyz{bT/YhK
MEDICATIONS,Statin myopathy,What symptom should statin patients always report?,"Unexplained muscle pain, tenderness, or weakness, especially with fever or dark (tea-colored) urine, which can signal rhabdomyolysis. Risk rises with high doses, CYP3A4 inhibitors, gemfibrozil, older age, and hypothyroidism.",,Atorvastatin 80 mg patient reports dark urine and leg pain: urgent pharmacist and prescriber contact.,Dismissing muscle aches as exercise soreness without reporting.,authored_ptcb_exam_prep_v2,Medications,MEDICATIONS,ptcb pharmacy medications ptce_medications source_authored,,
PATIENT-SAFETY,Celebrex / Celexa / Cerebyx,"Celebrex, Celexa, and Cerebyx — what is each, and why are they a LASA group?","Celebrex = celecoxib (NSAID, arthritis pain); Celexa = citalopram (SSRI antidepressant); Cerebyx = fosphenytoin (IV anticonvulsant). Similar spelling and sound lead to wrong-drug errors; checking the indication on the Rx is the best defense.",,An Rx for 'Cele— 20 mg for depression' should be Celexa; Celebrex has no 20 mg tablet.,Selecting the brand that fills most often without checking the diagnosis.,authored_ptcb_exam_prep_v2,Patient Safety and Quality Assurance,PATIENT-SAFETY,ptcb pharmacy patient-safety ptce_patient_safety source_authored,A0aB=-Vrmq,A0aB=-Vrmq
PATIENT-SAFETY,Renal dose adjustment,Why do some prescriptions need kidney (renal) dose adjustment?,"Drugs cleared by the kidneys build up when kidney function falls, causing toxicity. Common examples: metformin, gabapentin, enoxaparin, nitrofurantoin, many antibiotics, and dabigatran. Doses are based on creatinine clearance or eGFR; the pharmacist checks recent labs.",,Gabapentin 600 mg three times daily for a dialysis patient is flagged as too high.,Assuming a dose is safe because it matches the usual adult dose.,authored_ptcb_exam_prep_v2,Patient Safety and Quality Assurance,PATIENT-SAFETY,ptcb pharmacy patient-safety ptce_patient_safety source_authored,H=`umwoQQy,H=`umwoQQy
MEDICATIONS,CNS stems,"What do -azepam/-azolam, -triptan, and -oxetine/-aline stems usually indicate?","-azepam and -azolam = benzodiazepines (lorazepam, diazepam, alprazolam, triazolam), Schedule IV; -triptan = 5-HT1 agonists for migraine (sumatriptan, rizatriptan); -oxetine, -aline, and -opram are common antidepressant endings (fluoxetine, duloxetine, sertraline, citalopram).",,Sumatriptan + sertraline on one profile: serotonin syndrome alert for pharmacist review.,Assuming clonazepam is not a benzodiazepine because it lacks the -azolam ending.,authored_ptcb_exam_prep_v2,Medications,MEDICATIONS,ptcb pharmacy medications ptce_medications source_authored,,
INVENTORY,PAR levels and turnover,What are PAR levels and inventory turnover?,"PAR level is the target quantity to keep on hand; when stock falls below the reorder point, the system orders back to PAR. Turnover = cost of goods sold ÷ average inventory value; higher turnover means less money tied up in stock and fewer expired drugs.",,"PAR for atorvastatin 20 mg = 500 tablets; at 150 on hand, the order brings it back to 500.","Overstocking slow movers, which leads to expired losses.",authored_ptcb_exam_prep_v2,Order Entry and Processing,INVENTORY,ptcb pharmacy inventory ptce_order_entry source_authored,g3$-Z?+Ytw,g3$-Z?+Ytw
MEDICATIONS,Ophthalmic vs otic,"Can eye drops be used in the ear, or ear drops in the eye?",Ophthalmic (eye) products are sterile and can be used in the ear when prescribed. Otic (ear) products are not formulated for the eye and must never be put in the eye. Ofloxacin and ciprofloxacin exist in both forms — check the route on the Rx.,,"Rx: ciprofloxacin 0.3% ophthalmic solution, 4 drops in the right ear twice daily — acceptable.",Dispensing an otic suspension for an eye prescription.,authored_ptcb_exam_prep_v2,Medications,MEDICATIONS,ptcb pharmacy medications ptce_medications source_authored,,
SIG-CODES,UD and NR,"What do 'UD' and 'NR' mean, and what problem does 'UD' create?","UD (ut dictum) = as directed; NR = no refills. A sig of 'use UD' gives the patient no instructions on the label and makes days supply impossible to calculate, so the pharmacy obtains specific directions from the prescriber whenever possible.",,"'Prednisone 10 mg, use UD #21' → call to get the taper schedule for the label and billing.",Billing a 'UD' prescription with a guessed days supply.,authored_ptcb_exam_prep_v2,Order Entry and Processing,SIG-CODES,ptcb pharmacy sig-codes ptce_order_entry source_authored,"u9P,1INq^8","u9P,1INq^8"
PHARM-MATH,Tablets for a dose,How many 0.125 mg tablets make a 0.375 mg dose?,Tablets = desired dose ÷ strength per tablet = 0.375 ÷ 0.125 = 3 tablets. A result that needs many tablets or fractions smaller than one-half should be checked with the pharmacist.,,Levothyroxine 25 mcg tablets for a 75 mcg dose = 3 tablets — but a 75 mcg tablet exists.,Misplacing the decimal and getting 0.3 or 30 tablets.,authored_ptcb_exam_prep_v2,Order Entry and Processing,PHARM-MATH,ptcb pharmacy pharm-math ptce_order_entry source_authored,qH8F:G*.J),qH8F:G*.J)
INVENTORY,Purchasing and shortages,"How do pharmacies purchase drugs, and what happens during a shortage?","Most stock comes from a licensed primary wholesaler (authorized trading partner under DSCSA), with secondary wholesalers or direct purchases for gaps. 340B stock is tracked separately where applicable. During shortages: check alternate NDCs or strengths, notify the pharmacist to contact prescribers for alternatives, and never buy from unlicensed sources.",,Amoxicillin suspension is back-ordered: the pharmacist calls the prescriber about cefdinir.,Buying gray-market stock from an unlicensed online seller during a shortage.,authored_ptcb_exam_prep_v2,Order Entry and Processing,INVENTORY,ptcb pharmacy inventory ptce_order_entry source_authored,m:`j>E|01z,m:`j>E|01z
MEDICATIONS,Refrigerated products,Which commonly dispensed products must be refrigerated before dispensing?,"Most insulins and GLP-1 pens (unopened), many vaccines, latanoprost (Xalatan) before opening, etanercept and adalimumab, reconstituted amoxicillin-clavulanate suspension (plain amoxicillin: refrigeration preferred), and some suppositories. Refrigerator range: 2–8°C (36–46°F). Never freeze unless labeled.",,Unopened Xalatan goes in the refrigerator; after opening it can stay at room temperature up to 6 weeks.,Storing insulin or vaccines in the freezer compartment or door shelf.,authored_ptcb_exam_prep_v2,Medications,MEDICATIONS,ptcb pharmacy medications ptce_medications source_authored,"iAkfis2#,Y","iAkfis2#,Y"
MEDICATIONS,Antipsychotic metabolic effects,What monitoring do second-generation antipsychotics typically require?,"Weight, blood glucose, and lipids, because olanzapine, quetiapine, clozapine, and risperidone can cause weight gain, diabetes, and high cholesterol. They can also cause movement disorders (akathisia, tardive dyskinesia) and carry a boxed warning for elderly patients with dementia.",,Olanzapine refill for a patient whose new metformin Rx appears 6 months later — a known pattern.,Thinking atypical antipsychotics are free of side effects compared with older ones.,authored_ptcb_exam_prep_v2,Medications,MEDICATIONS,ptcb pharmacy medications ptce_medications source_authored,,
FEDERAL-LAW,DEA check digit,How do you verify the check digit of DEA number BL6324817?,"Add digits 1, 3, 5: 6 + 2 + 8 = 16. Add digits 2, 4, 6 and double: (3 + 4 + 1) × 2 = 16. Total = 32. The last digit of the total (2) must equal the seventh digit — here it is 7, so BL6324817 fails and the Rx must be verified.",,"BL6324812 would pass: total 32 ends in 2, matching the check digit.",Doubling the odd-position digits instead of the even-position digits.,authored_ptcb_exam_prep_v2,Federal Requirements,FEDERAL-LAW,ptcb pharmacy federal-law ptce_federal source_authored,,
ORDER-ENTRY,Return to stock,Which unclaimed or returned prescriptions can go back into pharmacy stock?,"Filled prescriptions that never left the pharmacy (not picked up) can be returned to stock in the vial with the drug name, lot, and expiration recorded, and the insurance claim reversed (often within 14 days). Medications returned by patients after leaving the pharmacy generally cannot be restocked.",,Will-call bags older than 10 days are reversed and returned to stock with lot and expiration labels.,Putting a patient's returned bottle back on the shelf.,authored_ptcb_exam_prep_v2,Order Entry and Processing,ORDER-ENTRY,ptcb pharmacy order-entry ptce_order_entry source_authored,H&/i-J+e?5,H&/i-J+e?5
ORDER-ENTRY,Out of stock and partial fills,What are the options when a drug is out of stock?,"Partially fill what is on hand and owe the rest (record the balance), transfer the prescription to a pharmacy that has stock, order it for the next delivery, or ask the pharmacist to contact the prescriber for an alternative. Insurance claims are adjusted for the quantity actually dispensed.",,Only 10 of 30 tablets in stock: dispense 10 with an 'owe 20' slip and adjust the claim per policy.,Billing the full quantity when only part was dispensed.,authored_ptcb_exam_prep_v2,Order Entry and Processing,ORDER-ENTRY,ptcb pharmacy order-entry ptce_order_entry source_authored,H$B[;i=0_],H$B[;i=0_]
