Section,Term,Front (Question),Back (Answer),Formula (LaTeX),Example,Common Mistake,Source,Primary Reading,Secondary Readings,Tags,Note GUID
S63-AGENT,Agent of Issuer Exempt Transactions,"Is an issuer's employee who sells the issuer's securities only in exempt transactions, such as sales to institutional investors, an agent?","No. Under the Uniform Securities Act an individual representing an issuer is not an agent when effecting exempt transactions, such as sales to banks, insurers and other institutional investors, to underwriters, or in a qualifying private placement. The exclusion depends on representing the issuer; a broker-dealer's representative in the same exempt transaction must still register.",,"Ravi, CFO of Kestrel Inc., sells $5 million of Kestrel notes directly to an insurance company. Because the sale is an exempt transaction with an institutional investor, Ravi is not an agent in that state.","Extending the issuer-representative exclusion to broker-dealer representatives, or confusing exempt transactions with exempt securities, which fall under a separate exclusion.",authored_nasaa_outline,S63-AGENT,,nasaa series63 s63-agent source_authored,b:F5J)k~-`
S63-ETHICS,Ponzi Scheme,Which features distinguish a Ponzi scheme from a legitimate high-yield investment?,"A Ponzi scheme pays earlier investors with money from new investors, not real profits. Red flags: steady high returns regardless of markets, a secret or vague strategy, unregistered securities or sellers, and delays when investors try to withdraw. It collapses when new money slows. Civil liability for selling unregistered securities applies even if the agent believed the program was real.",,A 'private note program' promises clients 1.5% per month for three years and pays redemptions only after new investors join. An agent who places clients in it faces rescission claims and sanctions.,"Assuming steady payouts prove legitimacy, or confusing a Ponzi scheme (paid from new money) with a pyramid scheme (paid for recruiting).",authored_nasaa_outline,S63-ETHICS,,nasaa series63 s63-ethics source_authored,iCS7^78UE.
S63-ETHICS,Guarantee Against Loss,"Can an agent promise to cover a customer's losses in an account, even with the customer's written consent?","No. NASAA's Statement of Policy treats guaranteeing a customer against loss in any securities account or transaction as a dishonest or unethical practice, and FINRA Rule 2150 also prohibits it. Customer consent does not cure it. Accurately describing a security guaranteed by a third party, such as a bond whose payments a parent company guarantees, is not a prohibited guarantee.",,"To win a nervous client, an agent writes, 'If the stock falls below $40, I will reimburse your loss.' This is a prohibited guarantee, even if the client signed off and the stock never fell.","Thinking a customer's consent makes it acceptable, or confusing a forbidden personal guarantee with describing a third-party guaranteed security.",authored_nasaa_outline,S63-ETHICS,,nasaa series63 s63-ethics source_authored,u=^cm_S&Td
S63-ETHICS,Scalping,"How does an adviser's scalping work, and why is it fraudulent?","Scalping is buying a security for the adviser's own account, recommending it to clients or the public, then selling into the price rise the recommendation causes, without disclosing the position. Under SEC v. Capital Gains Research Bureau (1963), that nondisclosure is fraud on clients under the Investment Advisers Act and breaches the adviser's fiduciary duty; state antifraud rules apply equally.",,"Adviser Grant buys 10,000 shares of a small-cap stock, tells newsletter readers it is a 'strong buy,' and sells all his shares two days later after the price jumps 25%.","Confusing scalping with ordinary short-term trading, or thinking an adviser may trade ahead of a recommendation as long as the recommendation itself is honest.",authored_nasaa_outline,S63-ETHICS,,nasaa series63 s63-ethics source_authored,Js&{~lrYnM
S63-BD,BD Minimum Financial Requirements,May a state Administrator impose net capital or bonding rules stricter than the SEC's on a broker-dealer?,"No. The Uniform Securities Act lets the Administrator set minimum capital and surety bond rules for registered broker-dealers, but under NSMIA a state may not impose net capital, custody, margin, financial responsibility, bonding or reporting requirements that differ from or exceed those under the Securities Exchange Act of 1934. The SEC net capital rule controls.",,"State C proposes a $500,000 net capital floor for every broker-dealer, while the SEC rule requires Pine BD to hold $250,000. NSMIA preempts the higher state requirement for Pine BD.","Confusing it with the investment adviser rule, where the cap is the adviser's home-state requirement, or assuming a state can set any capital level it likes.",authored_nasaa_outline,S63-BD,,nasaa series63 s63-bd source_authored,bh/]{RgtLK
S63-ETHICS,Omission,How can a statement that is literally true still violate the antifraud provision?,"The Uniform Securities Act makes it unlawful to make an untrue statement of a material fact or to omit a material fact needed to make the statements made, in light of the circumstances, not misleading. A half-truth is fraud. The antifraud provision applies even to exempt securities and exempt transactions, so an exemption from registration never excuses an omission.",,"An agent truthfully says a bond 'yields 9%, far above Treasuries' but omits that it is rated below investment grade and the issuer is in default talks. The true statement becomes misleading by omission.","Believing true statements cannot mislead, or that antifraud rules do not reach exempt securities such as municipal bonds.",authored_nasaa_outline,S63-ETHICS,,nasaa series63 s63-ethics source_authored,KJoB&$Xk=)
S63-ETHICS,Breakpoint Sale,Why is recommending a mutual fund purchase just below a sales-charge breakpoint an unethical practice?,"A breakpoint is the dollar level at which a fund's sales load drops. Recommending a purchase just under it, or splitting purchases among fund families so the customer misses it, to earn a higher commission is a breakpoint sale. Agents should point out breakpoints, rights of accumulation and letters of intent (13 months) that could lower the load.",,"A client has $100,000 to invest; the fund's load falls from 4.5% to 3.5% at $100,000. Agent Tess recommends $95,000 in Fund X and $5,000 in another family's fund, so the client misses the lower load.","Thinking a small gap below the breakpoint does not matter, or that the agent has no duty to mention letters of intent.",authored_nasaa_outline,S63-ETHICS,,nasaa series63 s63-ethics source_authored,"p`$,rIWx=8"
S63-ETHICS,Lending To Customer,"May an agent personally lend money to a customer, for example to meet a margin call?","Generally no. FINRA Rule 3240 bars registered persons from lending to customers unless the firm has written procedures allowing it and the customer fits a listed category, such as immediate family or a financial institution, with any required firm notice or approval. Margin credit is extended by the broker-dealer under Regulation T, not by the agent personally.",,"A client cannot meet a $15,000 margin call, so agent Leo offers to wire his own money. Unless firm procedures allow it and the client fits an exception, the loan is prohibited.","Thinking a helpful loan to save a client from liquidation is outside securities rules, or confusing it with firm-extended margin credit.",authored_nasaa_outline,S63-ETHICS,,nasaa series63 s63-ethics source_authored,e`=0skiutn
S63-COMM,Comparisons,How should a municipal bond's yield be compared with a taxable bond's yield in a fair comparison?,"Convert the muni yield to a taxable-equivalent yield for the client's bracket, then disclose material differences. FINRA Rule 2210 requires comparisons to disclose all material differences, including objectives, costs, liquidity, safety, guarantees, principal fluctuation and tax features. Comparing headline yields alone, or ignoring state tax and AMT, misleads.",$$\text{TEY} = \frac{\text{muni yield}}{1 - \text{tax rate}}$$,"A 3.5% muni for a client in the 30% bracket has a TEY of 3.5 / 0.70 = 5.0%, so it beats a 4.6% corporate bond for that client.","Comparing the muni's 3.5% directly with a 4.6% corporate yield, or multiplying by the tax rate instead of dividing by 1 minus the rate.",authored_nasaa_outline,S63-COMM,,nasaa series63 s63-comm source_authored,BgrkZ<$e.<
S63-ETHICS,Backing Away,What happens when a market maker refuses to trade at its own firm quote?,"A firm quote is a commitment to buy or sell at least the stated size at the stated price. Refusing to honor it is backing away, a violation of the SEC quote rule and FINRA Rule 5220 and a dishonest practice. Quotes clearly marked subject, nominal or for information only (a workout) are not firm and carry no such obligation.",,"Market maker Pike quotes 500 shares of XYZ at $20 firm. When another dealer hits the quote for 500 shares, Pike refuses because the market has moved. Pike has backed away.",Confusing a firm quote with a nominal or subject quote that does not bind the dealer.,authored_nasaa_outline,S63-ETHICS,,nasaa series63 s63-ethics source_authored,A:la:.%LsD
S63-BD,BD Renewal,"When does a broker-dealer's state registration expire, and what happens if it is not renewed?","Under the Uniform Securities Act, as administered through CRD, broker-dealer, agent, adviser and IAR registrations expire on December 31 each year unless renewed with the required fee. A firm that misses renewal is unregistered from January 1, so any business it transacts in the state is a violation, and its agents can no longer act for it there.",,Elm BD fails to pay its State E renewal by the deadline. On January 2 one of its agents executes a trade for a State E resident; both the firm and the agent are transacting business without effective registration.,"Assuming registration is permanent once granted, or applying the one-year-from-effective-date term used for securities registration to firms and agents.",authored_nasaa_outline,S63-BD,,nasaa series63 s63-bd source_authored,B!e`+Lz]@q
S63-BD,BD Successor Registration,How does a registered broker-dealer that reorganizes into a new legal entity keep its state registration for the rest of the year?,"Under the Uniform Securities Act a registered broker-dealer (or investment adviser) may file an application to register a successor, whether or not the successor yet exists, for the unexpired portion of the registration year. No filing fee is charged for the successor registration. Registration does not pass automatically; the application must be filed.",,"Harbor Securities, a partnership, converts to Harbor Securities LLC in July. It files a successor application before the change, and the LLC is registered through December 31 with no new filing fee.","Assuming a merged or reorganized firm inherits registration automatically, or that the successor must pay a full new fee and start a fresh year.",authored_nasaa_outline,S63-BD,,nasaa series63 s63-bd source_authored,KY<[0+0SL{
S63-ETHICS,Unsuitable Recommendation,What must an agent learn about a customer before a recommendation has reasonable grounds of suitability?,"NASAA treats recommending a security without reasonable grounds to believe it is suitable as unethical. Grounds come from reasonable inquiry into the customer's investment objectives, financial situation and needs, risk tolerance, time horizon, tax status and other holdings. For retail customers, Regulation Best Interest also requires that the recommendation be in the customer's best interest.",,"A 78-year-old widow needs steady income from $150,000. Agent Paul recommends a speculative biotech stock for its projected upside. The pick ignores her objectives and risk tolerance, so it is unsuitable.","Matching one factor, such as a yield target, while ignoring the customer's liquidity needs, age and risk tolerance.",authored_nasaa_outline,S63-ETHICS,,nasaa series63 s63-ethics source_authored,FRd^cPc&3S
S63-BD,BD Books and Records,Can a state require a broker-dealer to make or keep records beyond what SEC rules require?,"No. Under NSMIA a state cannot impose books-and-records requirements on a broker-dealer that differ from or add to SEC Rules 17a-3 and 17a-4. Those rules set retention: blotters, ledgers and account records generally 6 years; order tickets, confirmations and communications 3 years, the first 2 in an easily accessible place. The Administrator may still examine those records.",,"State D wants Oak BD to keep order tickets for 7 years. Oak follows SEC Rule 17a-4 (3 years) and the state cannot require more, but a State D examiner may still review every ticket Oak keeps.","Thinking states can add their own retention periods, or that records kept for the SEC and FINRA are off-limits to state examiners.",authored_nasaa_outline,S63-BD,,nasaa series63 s63-bd source_authored,t:E]WthJ.`
S63-AGENT,Agent Termination,Who must notify the Administrator when an agent leaves a broker-dealer?,"Under the Uniform Securities Act, when an agent begins or ends association with a broker-dealer or issuer, both the agent and the broker-dealer or issuer must promptly notify the Administrator. In practice the firm files Form U5 on CRD, which FINRA requires within 30 days. This differs from IARs of state-registered advisers, where the adviser alone notifies.",,"Priya resigns from Willow BD on May 1 to join a bank. Willow files Form U5 through CRD within 30 days, but under the Act Priya also shares responsibility for the Administrator being promptly notified.","Applying the IAR rule (only the firm notifies) to agents, or thinking no filing is needed when the departure is friendly.",authored_nasaa_outline,S63-AGENT,,nasaa series63 s63-agent source_authored,b;/ca1px}v
S63-AGENT,Agent Exclusion Clerical,Does a broker-dealer employee who only processes paperwork and schedules appointments need agent registration?,"No. Under the Uniform Securities Act an agent is an individual who effects or attempts to effect purchases or sales for a broker-dealer or issuer; staff limited to clerical or ministerial work are not agents. Function, not title, controls: once the employee solicits, recommends, or accepts customer orders, agent registration is required.",,"Lena, an operations clerk at Summit BD, enters address changes and books meetings, so she is not an agent. If she takes a client's order to buy 200 shares while the rep is out, she is acting as an agent.","Treating job title as controlling, such as calling an 'assistant' who takes orders or pitches products clerical staff.",authored_nasaa_outline,S63-AGENT,,nasaa series63 s63-agent source_authored,JGdp(cZzmi
S63-ETHICS,Outside Business Activity,What must an agent do before taking a paid outside job that has nothing to do with securities?,"Under FINRA Rule 3270, give the broker-dealer prior written notice before acting as an employee, contractor, owner, officer, director or partner of any outside business for which the agent is or expects to be paid. The firm assesses conflicts and may restrict the activity, which is also reported on Form U4. Securities transactions away from the firm fall under Rule 3280 instead.",,Agent Ella plans to work weekends as a paid real estate agent. She must notify her broker-dealer in writing first; paid consulting for an issuer she sells would raise even sharper conflicts.,"Thinking only securities-related outside work needs disclosure, or that notice can be given after the job starts.",authored_nasaa_outline,S63-ETHICS,,nasaa series63 s63-ethics source_authored,Fafm}j%=bJ
S63-BD,BD Post-Registration Changes,When must a broker-dealer correct information in its registration filing that has become inaccurate?,"Under the Uniform Securities Act, if any information in an application becomes inaccurate or incomplete in a material respect, the registrant must promptly file a correcting amendment; it may not wait for annual renewal. Form BD amendments are filed through CRD, generally within 30 days, and a misleading filing is itself a ground for sanction.",,"In March, Cedar BD's CEO is permanently enjoined by a court and a new owner acquires 30% of the firm. Cedar promptly amends Form BD on CRD rather than waiting for the December renewal.","Waiting until year-end renewal to report a change in control or a disciplinary event, or assuming only the agent's Form U4 needs updating.",authored_nasaa_outline,S63-BD,,nasaa series63 s63-bd source_authored,jDvME}P{mG
S63-ETHICS,Senior Exploitation,"Which clients get special exploitation protections, and why must firms ask for a trusted contact person?","Under NASAA's model act and FINRA Rule 2165, protected clients are those age 65 or older, or 18 and older with a mental or physical impairment that limits their ability to protect their own interests. FINRA Rule 4512 requires reasonable efforts to obtain a trusted contact for non-institutional accounts, whom the firm may call about suspected exploitation, health or whereabouts.",,"A 70-year-old client suddenly asks to wire $80,000 to a new online 'friend.' Her agent calls the trusted contact she named at account opening and escalates the request to compliance.","Thinking a trusted contact person has authority to place trades, or that privacy rules bar the firm from contacting anyone.",authored_nasaa_outline,S63-ETHICS,,nasaa series63 s63-ethics source_authored,JaFY:T$aO_
S63-COMM,Testimonials,What disclosures must accompany a testimonial in a broker-dealer retail communication?,"Under FINRA Rule 2210 a testimonial about investment advice or performance must prominently disclose that it may not be representative of other customers' experience, that it is no guarantee of future performance, and, if more than $100 was paid, that it is a paid testimonial. Advisers face separate SEC Marketing Rule and state conditions.",,"Agent Mia's firm posts a client video praising her retirement planning. The post must say the experience may not be typical and is no guarantee of results, and disclose payment if the client received over $100.",Thinking real customer praise can be published without disclosures or principal review because it is true.,authored_nasaa_outline,S63-COMM,,nasaa series63 s63-comm source_authored,zz#r*a*Ta[
S63-IA,Federal Covered Adviser,Which investment advisers can be federal covered even with less than $100 million under management?,"Advisers to registered investment companies register with the SEC regardless of size. Under SEC Rule 203A-2 an adviser may also register with the SEC if it would otherwise register in 15 or more states, is an internet adviser, is a pension consultant to plans with at least $200 million in assets, is newly formed and expects eligibility within 120 days, or is affiliated with an SEC-registered adviser.",,"Oak Ridge Capital manages $40 million but advises a registered mutual fund, so it registers with the SEC and only notice-files with the states.","Assuming SEC registration depends only on the $100 million AUM line, or that federal covered advisers escape state notice filings and antifraud rules.",authored_nasaa_outline,S63-IA,,nasaa series63 s63-ia source_authored,AT!9mN^=-B
S63-COMM,Hypothetical Returns,When may a FINRA retail communication include a projection or hypothetical return?,"FINRA Rule 2210 generally bans predicting or projecting performance. Exceptions: a hypothetical illustration of math principles such as compounding that does not predict a specific investment, output of an investment analysis tool under FINRA Rule 2214, and a research price target with a disclosed basis and risks. Backtested results shown to retail investors are treated as projections, not actual performance.",,"An ad saying '$10,000 at 6% compounds to $17,908 in 10 years' illustrates compounding; '$10,000 in our Growth Fund becomes $20,000' is a banned projection.","Treating a backtested strategy chart like actual performance, or thinking a 'hypothetical' label makes any projection acceptable.",authored_nasaa_outline,S63-COMM,,nasaa series63 s63-comm source_authored,tTx$kiA0[;
S63-SECURITIES,Investment Contract,Which Howey test elements turn a passive deal into a security even without a stock certificate?,"Under SEC v. Howey, an investment contract exists when there is (1) an investment of money (2) in a common enterprise (3) with an expectation of profits (4) coming primarily from the efforts of others. The Uniform Securities Act lists investment contracts as securities, so labels, certificates and the asset type (orange groves, tokens, real estate) do not control.",,Sunrise Farms sells rows of citrus trees bundled with a contract under which Sunrise grows and markets the fruit and pays buyers a share; the passive buyers hold securities.,Assuming no security exists because there is no stock certificate or because the underlying asset is land or a commodity.,authored_nasaa_outline,S63-SECURITIES,,nasaa series63 s63-securities source_authored,n$%uX)5]]=
S63-SECURITIES,Federal Covered Security,"Which securities are federal covered under NSMIA, and what can a state still require for a Rule 506 offering?","Federal covered securities include exchange-listed stocks (NYSE, Nasdaq and equal or senior securities), registered investment company shares, Rule 506 private offerings, and most Securities Act 3(a) exempt securities. States cannot register them but may require notice filings and fees (for Rule 506, a copy of Form D within 15 days after the first sale in the state) and keep antifraud power.",,"TechStart raises $8 million under Rule 506(b), including from Ohio investors; it files a Form D copy and fee in Ohio within 15 days of the first Ohio sale.","Thinking federal covered status ends state antifraud authority, or that Rule 506 issuers can skip state notice filings and fees.",authored_nasaa_outline,S63-SECURITIES,,nasaa series63 s63-securities source_authored,eN#kR;V!6H
S63-REMEDIES,Hearing,"Which three procedural steps must come before a final order denying, suspending or revoking a registration?","Under USA Section 204 a final order requires appropriate prior notice to the applicant or registrant (and to the employer, for an agent), an opportunity for hearing, and written findings of fact and conclusions of law. Summary postponements and suspensions are the exception. The person may then seek court review within 60 days of the final order.",,"Before revoking agent Lou's registration for selling away, the Administrator notifies Lou and his broker-dealer, holds the hearing he requests, and issues written findings.","Thinking a final revocation can be entered without notice or a hearing opportunity, or that only the agent gets notice.",authored_nasaa_outline,S63-REMEDIES,,nasaa series63 s63-remedies source_authored,Kq/5ku$.Oh
S63-COMM,Cold Calling,Which calling hours and caller disclosures does FINRA's telemarketing rule require on a cold call?,"FINRA Rule 3230 limits calls to 8 a.m. to 9 p.m. in the called person's local time. The caller must give their name, the firm's name, a firm phone number or address, and that the call is to solicit an investment. A do-not-call request must be honored within a reasonable time, at most 30 days, and kept for 5 years. Existing customers and prior written consent are exempt from do-not-call limits.",,"Agent Marco Diaz in New York calls a Denver prospect at 8:30 p.m. Mountain time, gives his name, firm, firm phone number and purpose, and logs her do-not-call request.","Using the caller's time zone instead of the customer's, or thinking a cold call is exempt because no sale has happened yet.",authored_nasaa_outline,S63-COMM,,nasaa series63 s63-comm source_authored,fL=ZP/Wfc*
S63-REMEDIES,Criminal Penalties,"Who brings criminal charges for a willful violation of the Uniform Securities Act, and within what time limit?","Not the Administrator. Under USA Section 409 it may refer evidence to the attorney general or the proper district attorney, who decides whether to bring criminal proceedings. Only willful violations are criminal, and no indictment or information may be returned more than 5 years after the alleged violation. Civil and administrative remedies can run alongside.",,"After finding that an agent forged client signatures to take $80,000, the Administrator refers the file to the county district attorney, who files charges 2 years later.","Thinking the Administrator itself files criminal charges, or that every technical filing error is a crime.",authored_nasaa_outline,S63-REMEDIES,,nasaa series63 s63-remedies source_authored,"k<c7>1x,f~"
S63-COMM,Performance Claims,"When an investment adviser's ad shows gross performance, what must accompany it under the SEC Marketing Rule?","Net-of-fee performance with at least equal prominence, calculated over the same period. For a portfolio (not a private fund), results must also cover 1-, 5- and 10-year periods, or the life of the portfolio if shorter. NASAA's IA unethical-practices model rule treats ads that break the SEC rule as dishonest, so cherry-picked accounts or periods mislead.",,"Pine Advisors advertises a 14% gross return for its best year; it must also show the net return after its 1.2% fee plus its 1-, 5- and 10-year results.","Thinking a gross figure with a 'before fees' footnote is enough, or that showing only the best year is fine because it is accurate.",authored_nasaa_outline,S63-COMM,,nasaa series63 s63-comm source_authored,PR%qdl1wiU
S63-SECURITIES,Registration by Qualification,"When must an issuer use registration by qualification, and when does that registration become effective?","Qualification is used when the offering is not registered with the SEC, such as an intrastate offering, and requires the most detailed state filing. It becomes effective only when the Administrator so orders. As conditions, the Administrator may require a prospectus to be sent to buyers, impound offering proceeds, or escrow promoters' shares.",,"Lakeview Brewing sells $2 million of stock only to Ohio residents with no SEC filing, so it registers by qualification and waits for the Administrator's order.","Assuming qualification becomes effective automatically like coordination, or that it means the state endorses the offering.",authored_nasaa_outline,S63-SECURITIES,,nasaa series63 s63-securities source_authored,f_5PpEnT?=
S63-COMM,Advertising Fairness,What content standards does FINRA apply to every retail communication about securities?,"Under FINRA Rule 2210 communications must be based on fair dealing and good faith, be fair and balanced, and give a sound basis for evaluating the facts. They may not contain false, exaggerated, unwarranted, promissory or misleading statements, may not predict performance, and must present risks alongside benefits. Retail communications generally need principal approval before use.",,"A bond fund ad highlighting a 7% yield must also explain credit and interest-rate risk, and a principal must approve it before it is posted on the firm's website.","Mentioning only benefits, or assuming a small-print risk footnote balances a promissory headline.",authored_nasaa_outline,S63-COMM,,nasaa series63 s63-comm source_authored,GU+[x>1~q7
S63-REMEDIES,Civil Liability,Which seller violations give a buyer a private right to sue under the Uniform Securities Act?,"Under USA Section 410 a seller is civilly liable for selling an unregistered nonexempt security, selling through an unregistered broker-dealer or agent, or selling by an untrue statement or misleading omission of material fact the buyer did not know about. For misstatements, the seller escapes only by proving it did not know and with reasonable care could not have known.",,"Agent Ray sells a client $20,000 of a nonexempt stock not registered in the client's state; the client can sue Ray and his firm for rescission.","Thinking only regulators can act on violations, or that a seller defeats a misstatement claim just by saying it meant no harm.",authored_nasaa_outline,S63-REMEDIES,,nasaa series63 s63-remedies source_authored,DHb?_ELPKe
S63-COMM,Email Retention,How long must a broker-dealer keep the business emails and texts its agents send and receive?,"SEC Rule 17a-4(b)(4) requires originals of communications received and copies of those sent relating to the business to be kept at least 3 years, the first 2 in an easily accessible place. Electronic records must be kept in a non-rewriteable format or a system with a complete audit trail, so deleting a message once the trade settles is a books-and-records violation.",,"Agent Ben Cho texts a client a buy recommendation for XYZ in 2026; the firm must be able to produce that text through 2029, and quickly through 2028.","Applying the 6-year period for blotters and ledgers, or thinking messages can be deleted once the trade settles.",authored_nasaa_outline,S63-COMM,,nasaa series63 s63-comm source_authored,rV?5ML}x:]
S63-IAR,IAR Solicitor,Must a person paid to refer clients to a state-registered adviser register as an IAR?,"Generally yes. The Uniform Securities Act definition of IAR covers individuals who solicit, offer or negotiate the sale of advisory services, or supervise those who do, not just portfolio managers. A paid solicitor for a state-registered adviser must register as an IAR unless excluded, and the referral pay arrangement must be disclosed to the solicited client.",,"Accountant Joe receives 20% of first-year fees for each client he sends to Coastal Planning, a state-registered adviser, so he needs IAR registration.","Assuming only portfolio managers and planners are IARs, so a paid referral source needs no registration.",authored_nasaa_outline,S63-IAR,,nasaa series63 s63-iar source_authored,Bm2xta*k::
S63-SECURITIES,Exempt Security,"Why does an exempt security stay exempt every time it is resold, and what rules still apply to it?","Exemption under USA Section 402(a) rests on the issuer or the nature of the security (U.S. government, municipal, bank, regulated insurance company, qualifying commercial paper), so it attaches to the security in the original offering and every later trade. It removes only the security registration requirement: antifraud rules still apply, and the selling firm and agent generally must be registered.",,"A Treasury note is exempt when issued and when a client resells it 5 years later, yet agent Kai still cannot misstate its interest-rate risk.","Thinking 'exempt' also means exempt from antifraud rules, or confusing it with an exempt transaction that covers one trade.",authored_nasaa_outline,S63-SECURITIES,,nasaa series63 s63-securities source_authored,ksYfgk_Lq~
S63-AGENT,Agent Exam Requirement,"Who sets the exam requirement for state agent registration, and can it be waived?","Under the Uniform Securities Act the Administrator may by rule require applicants to pass a written examination, and may waive it for an individual or a class of applicants. Most states require the Series 63 (60 scored of 65 questions, 75 minutes, 43 correct to pass) on top of the FINRA SIE and a representative exam such as the Series 7 or 6.",,"Aisha passes the SIE and Series 7, but State H will not register her as an agent until she also passes the Series 63, unless the Administrator grants a waiver.","Thinking passing the SIE alone qualifies an agent, or that FINRA exams automatically satisfy the state's own qualification requirement.",authored_nasaa_outline,S63-AGENT,,nasaa series63 s63-agent source_authored,mc)<*uvE6;
S63-IAR,IAR Place of Business,When does an IAR's home office count as a 'place of business' that triggers state registration?,"Under SEC Rule 203A-3(b) a place of business is any office where the IAR regularly provides advisory services, solicits, meets with or otherwise communicates with clients, plus any other location held out to the public as such. A home office printed on business cards or used for regular client meetings counts; an occasional hotel meeting with a client does not.",,"IAR Dev Patel of an SEC-registered adviser lists his New Jersey home address on his website and meets clients there monthly, so he must register in New Jersey.","Thinking only the firm's main branch counts, or that client residence alone decides where an IAR of an SEC adviser registers.",authored_nasaa_outline,S63-IAR,,nasaa series63 s63-iar source_authored,uR>m|l1?4w
S63-AGENT,Agent Registration Effective,Can an agent begin soliciting customers once the Form U4 is filed but before state registration is effective?,"No. Filing is not registration. Under the Uniform Securities Act, if no denial proceeding is pending, an agent's registration becomes effective at noon on the 30th day after a complete application is filed, or earlier if the Administrator allows. It is effective only while the agent is associated with a registered broker-dealer or issuer.",,"Carlos's Form U4 for State G is filed on March 1. Unless the Administrator acts sooner, he may not call State G prospects until noon on March 31.",Treating a pending application or a passed Series 63 as permission to solicit before registration is effective.,authored_nasaa_outline,S63-AGENT,,nasaa series63 s63-agent source_authored,ppAtV3`Jzb
S63-REMEDIES,No-Knowledge Defense,When can a person avoid imprisonment for violating a rule or order?,"A person cannot be imprisoned for violating a rule or order if they prove they had no knowledge of it. Fines may still apply, and the defense does not cover violations of the Act itself.",,A seller shows no knowledge of a new administrative rule and avoids jail.,Applying the defense to fraud under the Act itself.,authored_nasaa_outline,S63-REMEDIES,,nasaa series63 s63-remedies source_authored,dZy5yrALSC
S63-IA,Adviser De Minimis,When does an investment adviser not need to register in a state?,"When it has no place of business in the state and, during the preceding 12 months, had five or fewer noninstitutional clients who are residents there. Advisers to only institutional clients are also excluded.",,An Oregon adviser with four Idaho clients and no Idaho office does not register in Idaho.,Counting institutional clients toward the five-client limit.,authored_nasaa_outline,S63-IA,,nasaa series63 s63-ia source_authored,yeJN!T0[/o
S63-COMM,Form CRS Updates,When must Form CRS be updated and existing clients informed?,"Within 30 days after information becomes materially inaccurate, and the changes must be communicated to existing retail investors within 60 days after the update is required.",,A new fee is added in May; Form CRS is updated within 30 days and clients told within 60.,Waiting for the annual cycle to fix a material change.,authored_nasaa_outline,S63-COMM,,nasaa series63 s63-comm source_authored,"jPU&,!DIX!"
